Job Title,Company Name,Location,Job Link,Recommended Resume,Missing Keywords to Add,Match Score
Software Engineer - Content Ingestion,roku,"Austin, Texas",https://www.weareroku.com/jobs/8158015?gh_jid=8158015,SWE,C++ -> Programming Languages line; Bash/Shell -> Programming Languages line,5
"Software Engineer, Embedded Agentic AI",roku,"Austin, Texas",https://www.weareroku.com/jobs/7991641?gh_jid=7991641,SWE,TensorFlow -> Programming Languages line; C++ -> Programming Languages line; A/B Testing (no matching line yet),5
"Software Engineer, Embedded Agentic AI",roku,"San Jose, California",https://www.weareroku.com/jobs/8065793?gh_jid=8065793,SWE,TensorFlow -> Programming Languages line; C++ -> Programming Languages line; A/B Testing (no matching line yet),5
"Software Engineer III, Infrastructure, Infra Spanner",google,"Sunnyvale, CA, USA",https://www.google.com/about/careers/applications/jobs/results/93036433253507782,SWE,C++ -> Programming Languages line; NLP -> LLMs & Agentic AI Frameworks line,4
"Software Engineer III, Android, Geo",google,"San Francisco, CA, USA",https://www.google.com/about/careers/applications/jobs/results/109889747484058310,DS,,5
(Human) Systems Engineer,jhuapl,"Laurel, Maryland",https://careers.jhuapl.edu/jobs/59827,,,
"Software Engineer III, Google Distributed Cloud AI Storage",google,"Sunnyvale, CA, USA",https://www.google.com/about/careers/applications/jobs/results/81105770019463878,SWE,C++ -> Programming Languages line; NLP -> LLMs & Agentic AI Frameworks line,4
"Software Engineer III, Infra, Core Communications",google,"San Jose, CA, USA",https://www.google.com/about/careers/applications/jobs/results/75489138207269574,DS,,5
"Data Engineer,  AWS DC Central Operations",amazon,"Seattle, Washington, USA",https://www.amazon.jobs/en/jobs/10519392/data-engineer-aws-dc-central-operations,DE,Data Warehousing -> Databases & Storage line; Observability -> Cloud / DevOps / MLOps line,5
Software Engineer II,uber,"Sunnyvale, CA, United States",https://iaziqy.fa.ocs.oraclecloud.com/hcmUI/CandidateExperience/en/sites/UberCareers/job/301386,SWE,gRPC -> Systems & Distributed Computing line; C++ -> Programming Languages line,5
AI Materials Research Engineer,amat,"Santa Clara,CA",https://amat.wd1.myworkdayjobs.com/External/job/Santa-ClaraCA/AI-Materials-Research-Engineer_R2626716,DS,,5
Software Development Engineer,stryker,"Indiana, Fort Wayne 1950 West Cook Road",https://stryker.wd1.myworkdayjobs.com/StrykerCareers/job/Indiana-Fort-Wayne-1950-West-Cook-Road/Software-Development-Engineer_R570340,SWE,,5
Software Engineer L2 - Cloud Infrastructure,twilio,Remote - US,https://job-boards.greenhouse.io/twilio/jobs/7434770,SWE,Bash/Shell -> Programming Languages line,5
Software Engineer - Video,twilio,Remote - US,https://job-boards.greenhouse.io/twilio/jobs/7661919,SWE,Azure -> Cloud / DevOps / MLOps line,5
"Software Engineer III, Infrastructure, AI and Infrastructure",google,"Kirkland, WA, USA",https://www.google.com/about/careers/applications/jobs/results/88630088865587910,SWE,C++ -> Programming Languages line; NLP -> LLMs & Agentic AI Frameworks line,3
"Software Engineer III, AI/ML GenAI, Google Ads",google,"Los Angeles, CA, USA",https://www.google.com/about/careers/applications/jobs/results/72980190111638214,SWE,C++ -> Programming Languages line; NLP -> LLMs & Agentic AI Frameworks line,4
Software Engineering - Microsoft Commerce - Offers and Data Model,microsoft,"United States, Washington, Redmond",https://jobs.careers.microsoft.com/global/en/job/1970393556926920,SWE,C++ -> Programming Languages line; C# -> Programming Languages line; Azure -> Cloud / DevOps / MLOps line,4
"Software Engineer, Cloud Bigtable SQL and Analytics",google,"New York, NY, USA",https://www.google.com/about/careers/applications/jobs/results/91776684985852614,SWE,Feature Engineering (no matching line yet); C++ -> Programming Languages line; gRPC -> Systems & Distributed Computing line; NLP -> LLMs & Agentic AI Frameworks line,4
"Software Engineer, Unified Gateway",doordashusa,"San Francisco, CA; Seattle, WA; Los Angeles, CA; New York, NY",https://job-boards.greenhouse.io/doordashusa/jobs/8146670,SWE,gRPC -> Systems & Distributed Computing line; Kotlin -> Programming Languages line,3
"Software Engineer III, Infrastructure, YouTube Ads Serving",youtube,"Mountain View, CA, USA",https://www.google.com/about/careers/applications/jobs/results/89159022678024902,DS,C++ -> Programming Languages line,4
"Machine Learning Engineer II, Responsible AI",pinterest,"San Francisco, CA, US; Remote, US",https://www.pinterestcareers.com/jobs/?gh_jid=8162046,SWE,,5
"Software Engineer III, AI/ML",google,"San Francisco, CA, USA",https://www.google.com/about/careers/applications/jobs/results/136557869439820486,SWE,NLP -> LLMs & Agentic AI Frameworks line; Go (Golang) -> Programming Languages line,4
"Software Engineer III, AI/ML, gUP Customer Support",google,"Sunnyvale, CA, USA",https://www.google.com/about/careers/applications/jobs/results/116766660139852486,DS_Finance,MLOps -> Distributed Systems & Cloud line; C++ -> Programming Languages line,4
"Software Engineer, Embedded Systems/Firmware, Pixel Bootloader",google,"Mountain View, CA, USA",https://www.google.com/about/careers/applications/jobs/results/106422454745735878,SWE,Rust -> Programming Languages line; NLP -> LLMs & Agentic AI Frameworks line,2
Software Engineer 2 - iOS or Web Development,garmin,"Chanhassen, Minnesota",https://careers.garmin.com/jobs/19740,SWE,TypeScript -> Programming Languages line; Swift -> Programming Languages line,1
"Robotics Systems Engineer I, Tech Deployment",amazon,"North Reading, Massachusetts, USA",https://www.amazon.jobs/en/jobs/10516443/robotics-systems-engineer-i-tech-deployment,SWE,,5
"Systems Engineer, Relay Product and Tech",amazon,"Bellevue, Washington, USA",https://www.amazon.jobs/en/jobs/10517168/systems-engineer-relay-product-and-tech,DS,,5
Software Developer 2,oracle,"Seattle, WA, United States",https://eeho.fa.us2.oraclecloud.com/hcmUI/CandidateExperience/en/sites/CX_45001/job/344094,SWE,,5
Software Engineer ||,amat,"Santa Clara,CA",https://amat.wd1.myworkdayjobs.com/External/job/Santa-ClaraCA/Software-Engineer---_R2619298,SWE,C# -> Programming Languages line; C++ -> Programming Languages line,1
Applied AI Innovation Engineer — Sales AI Applications,nvidia,"US, CA, Santa Clara",https://nvidia.wd5.myworkdayjobs.com/NVIDIAExternalCareerSite/job/US-CA-Santa-Clara/Applied-AI-Innovation-Engineer---Sales-AI-Applications_JR2024203-1,SWE,,5
"Machine Learning Engineer, AI Safety",nvidia,"US, CA, Santa Clara",https://nvidia.wd5.myworkdayjobs.com/NVIDIAExternalCareerSite/job/US-CA-Santa-Clara/Machine-Learning-Engineer--AI-Safety_JR2021784-1,SWE,,5
Data Scientist,visa,"US - Foster City, CA",https://visa.wd5.myworkdayjobs.com/Visa/job/US---Foster-City-CA/Data-Scientist_REF087803W,DS_Finance,Recommender Systems -> Statistics & Experimentation line; R -> Programming Languages line,5
Software Development Engineer - Test,apple,"Sunnyvale, California, United States",https://jobs.apple.com/en-us/details/200680221/software-development-engineer-test,SWE,Swift -> Programming Languages line,4
Graduate Software Engineer,imc,"Chicago, United States",https://job-boards.eu.greenhouse.io/imc/jobs/4818790101,SWE,C++ -> Programming Languages line,3
"Applied Scientist- Pricing, Dynamic Pricing & Offer Selection",lyft,"San Francisco, CA",https://app.careerpuck.com/job-board/lyft/job/8402813002?gh_jid=8402813002,DS,,5
"Software Engineer, Fulfillment Core Services",lyft,"Seattle, WA",https://app.careerpuck.com/job-board/lyft/job/8716222002?gh_jid=8716222002,SWE,Go (Golang) -> Programming Languages line; Azure -> Cloud / DevOps / MLOps line,4
"Software Engineer III, Infrastructure, Infra Bigtable",google,"New York, NY, USA",https://www.google.com/about/careers/applications/jobs/results/101599343911281350,SWE,C++ -> Programming Languages line; NLP -> LLMs & Agentic AI Frameworks line,4
"Analytics Engineer, Data Science",doordashusa,"Austin, TX; Chicago, IL; New York, NY; San Francisco, CA; San Jose, CA; Seattle, WA; Los Angeles, CA; Washington D.C.",https://job-boards.greenhouse.io/doordashusa/jobs/7967918,DS,Scala -> Programming Languages line; Data Warehousing -> Distributed Systems & Cloud line,5
"Software Engineer, Android (All Teams)",doordashusa,"Sunnyvale, CA; San Francisco, CA; Seattle, WA",https://job-boards.greenhouse.io/doordashusa/jobs/5630438,SWE,,5
"Software Engineer, Backend (All Teams)",doordashusa,"Sunnyvale, CA; San Francisco, CA; New York, NY; Seattle, WA; Ann Arbor, MI",https://job-boards.greenhouse.io/doordashusa/jobs/5630445,SWE,Elasticsearch -> Databases & Storage line,5
"Software Engineer, Spark Platform",doordashusa,"San Francisco, CA; Seattle, WA; Sunnyvale, CA; New York, NY",https://job-boards.greenhouse.io/doordashusa/jobs/8044370,SWE,Scala -> Programming Languages line; Go (Golang) -> Programming Languages line,5
"Software Engineer, Storage",doordashusa,"San Francisco, CA; Seattle, WA; New York, NY",https://job-boards.greenhouse.io/doordashusa/jobs/8024644,SWE,Go (Golang) -> Programming Languages line; DynamoDB -> Databases & Storage line,5
C++ Software Engineer,imc,"Chicago, United States; New York, United States",https://job-boards.eu.greenhouse.io/imc/jobs/4673650101,SWE,C++ -> Programming Languages line,1
Machine Learning Researcher,imc,"Chicago, United States; New York, United States",https://job-boards.eu.greenhouse.io/imc/jobs/4699252101,DS,,5
"Software Engineer, Early Career",imc,"Chicago, United States",https://job-boards.eu.greenhouse.io/imc/jobs/4577504101,SWE,C++ -> Programming Languages line,3
"Software Engineer I, Memberships",amazon,"San Francisco, California, USA",https://www.amazon.jobs/en/jobs/10515912/software-engineer-i-memberships,SWE,TypeScript -> Programming Languages line; React -> Software Engineering Practices line; Go (Golang) -> Programming Languages line; DynamoDB -> Databases & Storage line,3
System Software Engineer - Trusted Firmware,nvidia,"US, CA, Santa Clara",https://nvidia.wd5.myworkdayjobs.com/NVIDIAExternalCareerSite/job/US-CA-Santa-Clara/System-Software-Engineer---Trusted-Firmware_JR2023340,SWE,C++ -> Programming Languages line,1
"Informatics and AI engineer, Biotherapeutics",pfizer,United States - Massachusetts - Cambridge,https://pfizer.wd1.myworkdayjobs.com/PfizerCareers/job/United-States---Massachusetts---Cambridge/Informatics-and-AI-engineer--Biotherapeutics_4958820-1,DE,Data Warehousing -> Databases & Storage line,5
"Software Engineer, Machine Learning RecSys",meta,"Sunnyvale, CA; Bellevue, WA; Menlo Park, CA; New York, NY; San Francisco, CA",https://www.metacareers.com/jobs/1665891037811282/,SWE,TensorFlow -> Programming Languages line; C++ -> Programming Languages line; Bash/Shell -> Programming Languages line,5
"Research Scientist, Demography and Survey Sciences",meta,"Menlo Park, CA; Seattle, WA; New York, NY",https://www.metacareers.com/jobs/25066716436359390/,DS,Recommender Systems -> Statistics & Experimentation line; R -> Programming Languages line,4
"Software Engineer, Systems ML - Compilers / Backend",meta,"Sunnyvale, CA",https://www.metacareers.com/jobs/2145505832666693/,DS,C++ -> Programming Languages line,5
"Software Engineer, Global Banking & Markets, Trading Technology",goldmansachs,"Salt Lake City, UT, United States",https://higher.gs.com/roles/182893,SWE,gRPC -> Systems & Distributed Computing line,5
"The Core Engineering-Corporate Treasury, New York, Associate, Software Engineering",goldmansachs,"New York, NY, United States",https://higher.gs.com/roles/178036,SWE,,5
